{
    "SBMOF-1": {
        "Xe": [
            -36.1785273068,
            0.0454514529
        ],
        "Kr": [
            -26.3388861109,
            0.0145340049
        ]
    },
    "2012[Ni][dia]3[ASR]1": {
        "Xe": [
            -34.6179414889,
            0.0243918549
        ],
        "Kr": [
            -25.8459700555,
            0.0246127989
        ]
    },
    "2015[Zn][nan]2[ASR]1": {
        "Xe": [
            -32.7641325346,
            0.0396374839
        ],
        "Kr": [
            -24.1341000388,
            0.0407311136
        ]
    },
    "2020[Zn][sql]2[ASR]14": {
        "Xe": [
            -31.3440596333,
            0.0111404507
        ],
        "Kr": [
            -22.8020961565,
            0.0131513266
        ]
    },
    "2002[Cd][nan]3[ASR]1": {
        "Xe": [
            -32.1611899676,
            0.042084041
        ],
        "Kr": [
            -23.2136845739,
            0.0190683105
        ]
    },
    "2017[Zn][nan]3[ASR]19": {
        "Xe": [
            -34.322881675,
            0.0190314311
        ],
        "Kr": [
            -24.743106427199997,
            0.0448629002
        ]
    },
    "2017[Zn][nan]3[ASR]20": {
        "Xe": [
            -34.1889289718,
            0.0349039443
        ],
        "Kr": [
            -24.6486497203,
            0.0349463397
        ]
    },
    "2009[Zn][nan]3[ASR]11": {
        "Xe": [
            -33.98108742,
            0.0411698132
        ],
        "Kr": [
            -24.4925514721,
            0.022290701
        ]
    },
    "2009[Zn][nan]3[ASR]12": {
        "Xe": [
            -33.9407077542,
            0.0379910067
        ],
        "Kr": [
            -24.465055211299997,
            0.0324519808
        ]
    },
    "2014[Cd][nan]3[ASR]12": {
        "Xe": [
            -34.1536174811,
            0.0715260729
        ],
        "Kr": [
            -24.843265788,
            0.0143393262
        ]
    },
    "2008[Fe][nan]3[ASR]1": {
        "Xe": [
            -32.2361656526,
            0.0155885915
        ],
        "Kr": [
            -23.5142340355,
            0.0311110315
        ]
    },
    "1996[Zn][dia]3[ASR]1": {
        "Xe": [
            -34.4325226976,
            0.0725989709
        ],
        "Kr": [
            -25.4364632425,
            0.0461893269
        ]
    },
    "2017[ZnMn][nan]3[ASR]1": {
        "Xe": [
            -34.5255364334,
            0.012566288
        ],
        "Kr": [
            -24.9113700261,
            0.0355529403
        ]
    },
    "2017[ZnMn][nan]3[ASR]2": {
        "Xe": [
            -34.5999268904,
            0.0554668524
        ],
        "Kr": [
            -24.9545968875,
            0.0378009363
        ]
    },
    "2013[Cu][nan]3[ASR]11": {
        "Xe": [
            -33.7359289814,
            0.0360645436
        ],
        "Kr": [
            -24.912977529,
            0.0290812467
        ]
    },
    "2019[CoMn][nan]3[ASR]2": {
        "Xe": [
            -33.7894752767,
            0.0617665527
        ],
        "Kr": [
            -24.3593744326,
            0.0384136619
        ]
    },
    "2005[Zn][nan]3[ASR]7": {
        "Xe": [
            -34.3843257773,
            0.0338600517
        ],
        "Kr": [
            -24.7885005502,
            0.0289666422
        ]
    },
    "2022[Zn][nan]3[ASR]28": {
        "Xe": [
            -34.2326165241,
            0.0582413526
        ],
        "Kr": [
            -24.669015426199998,
            0.0298900452
        ]
    }
}